<application>
  <component name="MaterialThemeConfig">
    <option name="compactMenus" value="true" />
    <option name="compactStatusBar" value="true" />
    <option name="compactTables" value="true" />
    <option name="compactDropdowns" value="true" />
    <option name="isCompactMenus" value="true" />
    <option name="isCompactStatusBar" value="true" />
    <option name="isCompactTables" value="true" />
    <option name="isWizardShown" value="true" />
    <option name="overrideAccentColor" value="false" />
    <option name="pristineConfig" value="false" />
    <option name="useMaterialFont2" value="true" />
    <option name="indicatorStyle" value="None" />
    <option name="accentColor" value="ff9800" />
    <option name="selectedTheme" value="GITHUB_DARK" />
    <option name="userId" value="-7d4c1a4d:167d97e0b5a:-8000" />
    <option name="version" value="5.5.0" />
  </component>
</application>