<application>
  <component name="PhpDebugGeneral" xdebug_resolve_breakpoints="false" />
  <component name="PhpInterpreters">
    <interpreters>
      <interpreter id="f4f1d61a-46bb-460a-87df-94045b1dfba3" name="PHP 7.0.33" home="/usr/local/Cellar/php@7.0/7.0.33/bin/php" debugger_id="php.debugger.XDebug" />
      <interpreter id="463fd398-018b-4da1-bbd2-14a3bc113e04" name="PHP 7.1.33" home="/usr/local/Cellar/php@7.1/7.1.33/bin/php" debugger_id="php.debugger.XDebug" />
      <interpreter id="85e35d34-21ca-436b-950d-ebfc19ea638e" name="PHP 7.3.27" home="/usr/local/Cellar/php@7.3/7.3.27_1/bin/php" debugger_id="php.debugger.XDebug" />
      <interpreter id="b41fba9a-0362-41c3-bb8a-a0ae1414c520" name="PHP 7.4.16" home="/usr/local/Cellar/php@7.4/7.4.16/bin/php" debugger_id="php.debugger.XDebug" />
      <interpreter id="2f9c6e46-e397-40b1-860d-24d69b5e0446" name="PHP 8.1.0" home="/usr/local/Cellar/php/8.1.0_2/bin/php" debugger_id="php.debugger.XDebug" />
      <interpreter id="e2814b3f-1dd0-4f38-bffb-e9caccf510a4" name="PHP 5.6.40" home="/usr/local/Cellar/php@5.6/5.6.40/bin/php" debugger_id="php.debugger.XDebug" />
      <interpreter id="cfaa9110-f54f-42ad-8977-994e9d3da329" name="PHP 7.2.34" home="/usr/local/Cellar/php@7.2/7.2.34_2/bin/php" debugger_id="php.debugger.XDebug" />
      <interpreter id="8e9c606b-beb8-47ff-9e1e-786c2f6cf39c" name="PHP 8.2.0" home="/usr/local/Cellar/php@8.2/8.2.0_3/bin/php" debugger_id="php.debugger.XDebug" />
      <interpreter id="fe40ed6a-896d-44f2-8ec8-74cd9539b29a" name="PHP 8.0.13" home="/usr/local/Cellar/php@8.0/8.0.13_3/bin/php" debugger_id="php.debugger.XDebug" />
    </interpreters>
  </component>
  <component name="PhpInterpretersPhpInfoCache">
    <phpInfoCache>
      <interpreter name="PHP 8.0.13">
        <phpinfo binary_type="PHP" php_cgi="/usr/local/Cellar/php@8.0/8.0.13_3/bin/php-cgi" php_cli="/usr/local/Cellar/php@8.0/8.0.13_3/bin/php" path_separator=":" version="8.0.13">
          <additional_php_ini>/usr/local/etc/php/8.0/conf.d/error_log.ini, /usr/local/etc/php/8.0/conf.d/ext-opcache.ini, /usr/local/etc/php/8.0/conf.d/php-memory-limits.ini</additional_php_ini>
          <configuration_file>/usr/local/etc/php/8.0/php.ini</configuration_file>
          <configuration_options>
            <configuration_option name="include_path" value=".:/usr/local/Cellar/php@8.0/8.0.13_3/share/php@8.0/pear" />
          </configuration_options>
          <debuggers />
          <loaded_extensions>
            <extension name="Core" />
            <extension name="FFI" />
            <extension name="PDO" />
            <extension name="PDO_ODBC" />
            <extension name="Phar" />
            <extension name="Reflection" />
            <extension name="SPL" />
            <extension name="SimpleXML" />
            <extension name="Zend OPcache" />
            <extension name="bcmath" />
            <extension name="bz2" />
            <extension name="calendar" />
            <extension name="ctype" />
            <extension name="curl" />
            <extension name="date" />
            <extension name="dba" />
            <extension name="dom" />
            <extension name="exif" />
            <extension name="fileinfo" />
            <extension name="filter" />
            <extension name="ftp" />
            <extension name="gd" />
            <extension name="gettext" />
            <extension name="gmp" />
            <extension name="hash" />
            <extension name="iconv" />
            <extension name="intl" />
            <extension name="json" />
            <extension name="ldap" />
            <extension name="libxml" />
            <extension name="mbstring" />
            <extension name="mysqli" />
            <extension name="mysqlnd" />
            <extension name="odbc" />
            <extension name="openssl" />
            <extension name="pcntl" />
            <extension name="pcre" />
            <extension name="pdo_dblib" />
            <extension name="pdo_mysql" />
            <extension name="pdo_pgsql" />
            <extension name="pdo_sqlite" />
            <extension name="pgsql" />
            <extension name="phpdbg_webhelper" />
            <extension name="posix" />
            <extension name="pspell" />
            <extension name="readline" />
            <extension name="session" />
            <extension name="shmop" />
            <extension name="soap" />
            <extension name="sockets" />
            <extension name="sodium" />
            <extension name="sqlite3" />
            <extension name="standard" />
            <extension name="sysvmsg" />
            <extension name="sysvsem" />
            <extension name="sysvshm" />
            <extension name="tidy" />
            <extension name="tokenizer" />
            <extension name="xml" />
            <extension name="xmlreader" />
            <extension name="xmlwriter" />
            <extension name="xsl" />
            <extension name="zip" />
            <extension name="zlib" />
          </loaded_extensions>
        </phpinfo>
      </interpreter>
      <interpreter name="PHP 8.2.0">
        <phpinfo binary_type="PHP" php_cgi="/usr/local/Cellar/php@8.2/8.2.0_3/bin/php-cgi" php_cli="/usr/local/Cellar/php@8.2/8.2.0_3/bin/php" path_separator=":" version="8.2.0-dev">
          <additional_php_ini>/usr/local/etc/php/8.2/conf.d/ext-opcache.ini</additional_php_ini>
          <configuration_file>/usr/local/etc/php/8.2/php.ini</configuration_file>
          <configuration_options>
            <configuration_option name="include_path" value=".:/usr/local/Cellar/php@8.2/8.2.0_3/share/php@8.2/pear" />
          </configuration_options>
          <debuggers />
          <loaded_extensions>
            <extension name="Core" />
            <extension name="FFI" />
            <extension name="PDO" />
            <extension name="PDO_ODBC" />
            <extension name="Phar" />
            <extension name="Reflection" />
            <extension name="SPL" />
            <extension name="SimpleXML" />
            <extension name="Zend OPcache" />
            <extension name="bcmath" />
            <extension name="bz2" />
            <extension name="calendar" />
            <extension name="ctype" />
            <extension name="curl" />
            <extension name="date" />
            <extension name="dba" />
            <extension name="dom" />
            <extension name="exif" />
            <extension name="fileinfo" />
            <extension name="filter" />
            <extension name="ftp" />
            <extension name="gd" />
            <extension name="gettext" />
            <extension name="gmp" />
            <extension name="hash" />
            <extension name="iconv" />
            <extension name="intl" />
            <extension name="json" />
            <extension name="ldap" />
            <extension name="libxml" />
            <extension name="mbstring" />
            <extension name="mysqli" />
            <extension name="mysqlnd" />
            <extension name="odbc" />
            <extension name="openssl" />
            <extension name="pcntl" />
            <extension name="pcre" />
            <extension name="pdo_dblib" />
            <extension name="pdo_mysql" />
            <extension name="pdo_pgsql" />
            <extension name="pdo_sqlite" />
            <extension name="pgsql" />
            <extension name="posix" />
            <extension name="pspell" />
            <extension name="readline" />
            <extension name="session" />
            <extension name="shmop" />
            <extension name="soap" />
            <extension name="sockets" />
            <extension name="sodium" />
            <extension name="sqlite3" />
            <extension name="standard" />
            <extension name="sysvmsg" />
            <extension name="sysvsem" />
            <extension name="sysvshm" />
            <extension name="tidy" />
            <extension name="tokenizer" />
            <extension name="xml" />
            <extension name="xmlreader" />
            <extension name="xmlwriter" />
            <extension name="xsl" />
            <extension name="zip" />
            <extension name="zlib" />
          </loaded_extensions>
        </phpinfo>
      </interpreter>
      <interpreter name="PHP 8.1.0">
        <phpinfo binary_type="PHP" php_cgi="/usr/local/Cellar/php/8.1.0_2/bin/php-cgi" php_cli="/usr/local/Cellar/php/8.1.0_2/bin/php" path_separator=":" version="8.1.0">
          <additional_php_ini>/usr/local/etc/php/8.1/conf.d/ext-opcache.ini</additional_php_ini>
          <configuration_file>/usr/local/etc/php/8.1/php.ini</configuration_file>
          <configuration_options>
            <configuration_option name="include_path" value=".:/usr/local/Cellar/php/8.1.0_2/share/php/pear" />
          </configuration_options>
          <debuggers />
          <loaded_extensions>
            <extension name="Core" />
            <extension name="FFI" />
            <extension name="PDO" />
            <extension name="PDO_ODBC" />
            <extension name="Phar" />
            <extension name="Reflection" />
            <extension name="SPL" />
            <extension name="SimpleXML" />
            <extension name="Zend OPcache" />
            <extension name="bcmath" />
            <extension name="bz2" />
            <extension name="calendar" />
            <extension name="ctype" />
            <extension name="curl" />
            <extension name="date" />
            <extension name="dba" />
            <extension name="dom" />
            <extension name="exif" />
            <extension name="fileinfo" />
            <extension name="filter" />
            <extension name="ftp" />
            <extension name="gd" />
            <extension name="gettext" />
            <extension name="gmp" />
            <extension name="hash" />
            <extension name="iconv" />
            <extension name="intl" />
            <extension name="json" />
            <extension name="ldap" />
            <extension name="libxml" />
            <extension name="mbstring" />
            <extension name="mysqli" />
            <extension name="mysqlnd" />
            <extension name="odbc" />
            <extension name="openssl" />
            <extension name="pcntl" />
            <extension name="pcre" />
            <extension name="pdo_dblib" />
            <extension name="pdo_mysql" />
            <extension name="pdo_pgsql" />
            <extension name="pdo_sqlite" />
            <extension name="pgsql" />
            <extension name="posix" />
            <extension name="pspell" />
            <extension name="readline" />
            <extension name="session" />
            <extension name="shmop" />
            <extension name="soap" />
            <extension name="sockets" />
            <extension name="sodium" />
            <extension name="sqlite3" />
            <extension name="standard" />
            <extension name="sysvmsg" />
            <extension name="sysvsem" />
            <extension name="sysvshm" />
            <extension name="tidy" />
            <extension name="tokenizer" />
            <extension name="xml" />
            <extension name="xmlreader" />
            <extension name="xmlwriter" />
            <extension name="xsl" />
            <extension name="zip" />
            <extension name="zlib" />
          </loaded_extensions>
        </phpinfo>
      </interpreter>
      <interpreter name="PHP 7.0.33">
        <phpinfo binary_type="PHP" php_cgi="/usr/local/Cellar/php@7.0/7.0.33/bin/php-cgi" php_cli="/usr/local/Cellar/php@7.0/7.0.33/bin/php" path_separator=":" version="7.0.33">
          <additional_php_ini>/usr/local/etc/php/7.0/conf.d/ext-opcache.ini</additional_php_ini>
          <configuration_file>/usr/local/etc/php/7.0/php.ini</configuration_file>
          <configuration_options>
            <configuration_option name="include_path" value=".:/usr/local/Cellar/php@7.0/7.0.33/share/php@7.0/pear" />
          </configuration_options>
          <debuggers />
          <loaded_extensions>
            <extension name="Core" />
            <extension name="PDO" />
            <extension name="PDO_ODBC" />
            <extension name="Phar" />
            <extension name="Reflection" />
            <extension name="SPL" />
            <extension name="SimpleXML" />
            <extension name="Zend OPcache" />
            <extension name="bcmath" />
            <extension name="bz2" />
            <extension name="calendar" />
            <extension name="ctype" />
            <extension name="curl" />
            <extension name="date" />
            <extension name="dba" />
            <extension name="dom" />
            <extension name="exif" />
            <extension name="fileinfo" />
            <extension name="filter" />
            <extension name="ftp" />
            <extension name="gd" />
            <extension name="gettext" />
            <extension name="gmp" />
            <extension name="hash" />
            <extension name="iconv" />
            <extension name="intl" />
            <extension name="json" />
            <extension name="ldap" />
            <extension name="libxml" />
            <extension name="mbstring" />
            <extension name="mcrypt" />
            <extension name="mysqli" />
            <extension name="mysqlnd" />
            <extension name="odbc" />
            <extension name="openssl" />
            <extension name="pcntl" />
            <extension name="pcre" />
            <extension name="pdo_dblib" />
            <extension name="pdo_mysql" />
            <extension name="pdo_pgsql" />
            <extension name="pdo_sqlite" />
            <extension name="pgsql" />
            <extension name="phpdbg_webhelper" />
            <extension name="posix" />
            <extension name="pspell" />
            <extension name="readline" />
            <extension name="session" />
            <extension name="shmop" />
            <extension name="soap" />
            <extension name="sockets" />
            <extension name="sqlite3" />
            <extension name="standard" />
            <extension name="sysvmsg" />
            <extension name="sysvsem" />
            <extension name="sysvshm" />
            <extension name="tidy" />
            <extension name="tokenizer" />
            <extension name="wddx" />
            <extension name="xml" />
            <extension name="xmlreader" />
            <extension name="xmlrpc" />
            <extension name="xmlwriter" />
            <extension name="xsl" />
            <extension name="zip" />
            <extension name="zlib" />
          </loaded_extensions>
        </phpinfo>
      </interpreter>
      <interpreter name="PHP 7.1.33">
        <phpinfo binary_type="PHP" php_cgi="/usr/local/Cellar/php@7.1/7.1.33/bin/php-cgi" php_cli="/usr/local/Cellar/php@7.1/7.1.33/bin/php" path_separator=":" version="7.1.33">
          <additional_php_ini>/usr/local/etc/php/7.1/conf.d/ext-opcache.ini</additional_php_ini>
          <configuration_file>/usr/local/etc/php/7.1/php.ini</configuration_file>
          <configuration_options>
            <configuration_option name="include_path" value=".:/usr/local/Cellar/php@7.1/7.1.33/share/php@7.1/pear" />
          </configuration_options>
          <debuggers />
          <loaded_extensions>
            <extension name="Core" />
            <extension name="PDO" />
            <extension name="PDO_ODBC" />
            <extension name="Phar" />
            <extension name="Reflection" />
            <extension name="SPL" />
            <extension name="SimpleXML" />
            <extension name="Zend OPcache" />
            <extension name="bcmath" />
            <extension name="bz2" />
            <extension name="calendar" />
            <extension name="ctype" />
            <extension name="curl" />
            <extension name="date" />
            <extension name="dba" />
            <extension name="dom" />
            <extension name="exif" />
            <extension name="fileinfo" />
            <extension name="filter" />
            <extension name="ftp" />
            <extension name="gd" />
            <extension name="gettext" />
            <extension name="gmp" />
            <extension name="hash" />
            <extension name="iconv" />
            <extension name="intl" />
            <extension name="json" />
            <extension name="ldap" />
            <extension name="libxml" />
            <extension name="mbstring" />
            <extension name="mcrypt" />
            <extension name="mysqli" />
            <extension name="mysqlnd" />
            <extension name="odbc" />
            <extension name="openssl" />
            <extension name="pcntl" />
            <extension name="pcre" />
            <extension name="pdo_dblib" />
            <extension name="pdo_mysql" />
            <extension name="pdo_pgsql" />
            <extension name="pdo_sqlite" />
            <extension name="pgsql" />
            <extension name="phpdbg_webhelper" />
            <extension name="posix" />
            <extension name="pspell" />
            <extension name="readline" />
            <extension name="session" />
            <extension name="shmop" />
            <extension name="soap" />
            <extension name="sockets" />
            <extension name="sqlite3" />
            <extension name="standard" />
            <extension name="sysvmsg" />
            <extension name="sysvsem" />
            <extension name="sysvshm" />
            <extension name="tidy" />
            <extension name="tokenizer" />
            <extension name="wddx" />
            <extension name="xml" />
            <extension name="xmlreader" />
            <extension name="xmlrpc" />
            <extension name="xmlwriter" />
            <extension name="xsl" />
            <extension name="zip" />
            <extension name="zlib" />
          </loaded_extensions>
        </phpinfo>
      </interpreter>
      <interpreter name="PHP 7.3.27">
        <phpinfo binary_type="PHP" php_cgi="/usr/local/Cellar/php@7.3/7.3.27_1/bin/php-cgi" php_cli="/usr/local/Cellar/php@7.3/7.3.27_1/bin/php" path_separator=":" version="7.3.27">
          <additional_php_ini>/usr/local/etc/php/7.3/conf.d/ext-opcache.ini, /usr/local/etc/php/7.3/conf.d/ext-xdebug.ini, /usr/local/etc/php/7.3/conf.d/php-memory-limits.ini, /usr/local/etc/php/7.3/conf.d/redis.ini</additional_php_ini>
          <configuration_file>/usr/local/etc/php/7.3/php.ini</configuration_file>
          <configuration_options>
            <configuration_option name="include_path" value=".:/usr/local/Cellar/php@7.3/7.3.27_1/share/php@7.3/pear" />
          </configuration_options>
          <debuggers />
          <loaded_extensions>
            <extension name="Core" />
            <extension name="PDO" />
            <extension name="PDO_ODBC" />
            <extension name="Phar" />
            <extension name="Reflection" />
            <extension name="SPL" />
            <extension name="SimpleXML" />
            <extension name="Zend OPcache" />
            <extension name="bcmath" />
            <extension name="bz2" />
            <extension name="calendar" />
            <extension name="ctype" />
            <extension name="curl" />
            <extension name="date" />
            <extension name="dba" />
            <extension name="dom" />
            <extension name="exif" />
            <extension name="fileinfo" />
            <extension name="filter" />
            <extension name="ftp" />
            <extension name="gd" />
            <extension name="gettext" />
            <extension name="gmp" />
            <extension name="hash" />
            <extension name="iconv" />
            <extension name="intl" />
            <extension name="json" />
            <extension name="ldap" />
            <extension name="libxml" />
            <extension name="mbstring" />
            <extension name="mysqli" />
            <extension name="mysqlnd" />
            <extension name="odbc" />
            <extension name="openssl" />
            <extension name="pcntl" />
            <extension name="pcre" />
            <extension name="pdo_dblib" />
            <extension name="pdo_mysql" />
            <extension name="pdo_pgsql" />
            <extension name="pdo_sqlite" />
            <extension name="pgsql" />
            <extension name="phpdbg_webhelper" />
            <extension name="posix" />
            <extension name="pspell" />
            <extension name="readline" />
            <extension name="redis" />
            <extension name="session" />
            <extension name="shmop" />
            <extension name="soap" />
            <extension name="sockets" />
            <extension name="sodium" />
            <extension name="sqlite3" />
            <extension name="standard" />
            <extension name="sysvmsg" />
            <extension name="sysvsem" />
            <extension name="sysvshm" />
            <extension name="tidy" />
            <extension name="tokenizer" />
            <extension name="wddx" />
            <extension name="xml" />
            <extension name="xmlreader" />
            <extension name="xmlrpc" />
            <extension name="xmlwriter" />
            <extension name="xsl" />
            <extension name="zip" />
            <extension name="zlib" />
          </loaded_extensions>
        </phpinfo>
      </interpreter>
      <interpreter name="PHP 7.4.16">
        <phpinfo binary_type="PHP" php_cgi="/usr/local/Cellar/php@7.4/7.4.16/bin/php-cgi" php_cli="/usr/local/Cellar/php@7.4/7.4.16/bin/php" path_separator=":" version="7.4.16">
          <additional_php_ini>/usr/local/etc/php/7.4/conf.d/error_log.ini, /usr/local/etc/php/7.4/conf.d/ext-igbinary.ini, /usr/local/etc/php/7.4/conf.d/ext-opcache.ini, /usr/local/etc/php/7.4/conf.d/ext-redis.ini, /usr/local/etc/php/7.4/conf.d/ext-xdebug.ini, /usr/local/etc/php/7.4/conf.d/php-memory-limits.ini</additional_php_ini>
          <configuration_file>/usr/local/etc/php/7.4/php.ini</configuration_file>
          <configuration_options>
            <configuration_option name="include_path" value=".:/usr/local/Cellar/php@7.4/7.4.16/share/php@7.4/pear" />
          </configuration_options>
          <debuggers>
            <debugger_info debugger="xdebug" debugger_version="2.9.8">
              <debug_extensions />
            </debugger_info>
          </debuggers>
          <loaded_extensions>
            <extension name="Core" />
            <extension name="FFI" />
            <extension name="PDO" />
            <extension name="PDO_ODBC" />
            <extension name="Phar" />
            <extension name="Reflection" />
            <extension name="SPL" />
            <extension name="SimpleXML" />
            <extension name="Zend OPcache" />
            <extension name="bcmath" />
            <extension name="bz2" />
            <extension name="calendar" />
            <extension name="ctype" />
            <extension name="curl" />
            <extension name="date" />
            <extension name="dba" />
            <extension name="dom" />
            <extension name="exif" />
            <extension name="fileinfo" />
            <extension name="filter" />
            <extension name="ftp" />
            <extension name="gd" />
            <extension name="gettext" />
            <extension name="gmp" />
            <extension name="hash" />
            <extension name="iconv" />
            <extension name="igbinary" />
            <extension name="intl" />
            <extension name="json" />
            <extension name="ldap" />
            <extension name="libxml" />
            <extension name="mbstring" />
            <extension name="mysqli" />
            <extension name="mysqlnd" />
            <extension name="odbc" />
            <extension name="openssl" />
            <extension name="pcntl" />
            <extension name="pcre" />
            <extension name="pdo_dblib" />
            <extension name="pdo_mysql" />
            <extension name="pdo_pgsql" />
            <extension name="pdo_sqlite" />
            <extension name="pgsql" />
            <extension name="phpdbg_webhelper" />
            <extension name="posix" />
            <extension name="pspell" />
            <extension name="readline" />
            <extension name="redis" />
            <extension name="session" />
            <extension name="shmop" />
            <extension name="soap" />
            <extension name="sockets" />
            <extension name="sodium" />
            <extension name="sqlite3" />
            <extension name="standard" />
            <extension name="sysvmsg" />
            <extension name="sysvsem" />
            <extension name="sysvshm" />
            <extension name="tidy" />
            <extension name="tokenizer" />
            <extension name="xdebug" />
            <extension name="xml" />
            <extension name="xmlreader" />
            <extension name="xmlrpc" />
            <extension name="xmlwriter" />
            <extension name="xsl" />
            <extension name="zip" />
            <extension name="zlib" />
          </loaded_extensions>
        </phpinfo>
      </interpreter>
      <interpreter name="PHP 7.2.34">
        <phpinfo binary_type="PHP" php_cgi="/usr/local/Cellar/php@7.2/7.2.34_2/bin/php-cgi" php_cli="/usr/local/Cellar/php@7.2/7.2.34_2/bin/php" path_separator=":" version="7.2.34">
          <additional_php_ini>/usr/local/etc/php/7.2/conf.d/ext-igbinary.ini, /usr/local/etc/php/7.2/conf.d/ext-opcache.ini, /usr/local/etc/php/7.2/conf.d/ext-redis.ini, /usr/local/etc/php/7.2/conf.d/ext-xdebug.ini, /usr/local/etc/php/7.2/conf.d/php-memory-limits.ini</additional_php_ini>
          <configuration_file>/usr/local/etc/php/7.2/php.ini</configuration_file>
          <configuration_options>
            <configuration_option name="include_path" value=".:/usr/local/Cellar/php@7.2/7.2.34_2/share/php@7.2/pear" />
          </configuration_options>
          <debuggers />
          <loaded_extensions>
            <extension name="Bolt" />
            <extension name="Core" />
            <extension name="PDO" />
            <extension name="PDO_ODBC" />
            <extension name="Phar" />
            <extension name="Reflection" />
            <extension name="SPL" />
            <extension name="SimpleXML" />
            <extension name="bcmath" />
            <extension name="bz2" />
            <extension name="calendar" />
            <extension name="ctype" />
            <extension name="curl" />
            <extension name="date" />
            <extension name="dba" />
            <extension name="dom" />
            <extension name="exif" />
            <extension name="fileinfo" />
            <extension name="filter" />
            <extension name="ftp" />
            <extension name="gd" />
            <extension name="gettext" />
            <extension name="gmp" />
            <extension name="hash" />
            <extension name="iconv" />
            <extension name="igbinary" />
            <extension name="intl" />
            <extension name="json" />
            <extension name="ldap" />
            <extension name="libxml" />
            <extension name="mbstring" />
            <extension name="mysqli" />
            <extension name="mysqlnd" />
            <extension name="odbc" />
            <extension name="openssl" />
            <extension name="pcntl" />
            <extension name="pcre" />
            <extension name="pdo_dblib" />
            <extension name="pdo_mysql" />
            <extension name="pdo_pgsql" />
            <extension name="pdo_sqlite" />
            <extension name="pgsql" />
            <extension name="phpdbg_webhelper" />
            <extension name="posix" />
            <extension name="pspell" />
            <extension name="readline" />
            <extension name="redis" />
            <extension name="session" />
            <extension name="shmop" />
            <extension name="soap" />
            <extension name="sockets" />
            <extension name="sodium" />
            <extension name="sqlite3" />
            <extension name="standard" />
            <extension name="sysvmsg" />
            <extension name="sysvsem" />
            <extension name="sysvshm" />
            <extension name="tidy" />
            <extension name="tokenizer" />
            <extension name="wddx" />
            <extension name="xml" />
            <extension name="xmlreader" />
            <extension name="xmlrpc" />
            <extension name="xmlwriter" />
            <extension name="xsl" />
            <extension name="zip" />
            <extension name="zlib" />
          </loaded_extensions>
        </phpinfo>
      </interpreter>
      <interpreter name="PHP 5.6.40">
        <phpinfo binary_type="PHP" php_cgi="/usr/local/Cellar/php@5.6/5.6.40/bin/php-cgi" php_cli="/usr/local/Cellar/php@5.6/5.6.40/bin/php" path_separator=":" version="5.6.40">
          <additional_php_ini>/usr/local/etc/php/5.6/conf.d/ext-opcache.ini</additional_php_ini>
          <configuration_file>/usr/local/etc/php/5.6/php.ini</configuration_file>
          <configuration_options>
            <configuration_option name="include_path" value=".:/usr/local/Cellar/php@5.6/5.6.40/share/php@5.6/pear" />
          </configuration_options>
          <debuggers />
          <loaded_extensions>
            <extension name="Core" />
            <extension name="PDO" />
            <extension name="PDO_ODBC" />
            <extension name="Phar" />
            <extension name="Reflection" />
            <extension name="SPL" />
            <extension name="SimpleXML" />
            <extension name="Zend OPcache" />
            <extension name="bcmath" />
            <extension name="bz2" />
            <extension name="calendar" />
            <extension name="ctype" />
            <extension name="curl" />
            <extension name="date" />
            <extension name="dba" />
            <extension name="dom" />
            <extension name="ereg" />
            <extension name="exif" />
            <extension name="fileinfo" />
            <extension name="filter" />
            <extension name="ftp" />
            <extension name="gd" />
            <extension name="gettext" />
            <extension name="gmp" />
            <extension name="hash" />
            <extension name="iconv" />
            <extension name="intl" />
            <extension name="json" />
            <extension name="ldap" />
            <extension name="libxml" />
            <extension name="mbstring" />
            <extension name="mcrypt" />
            <extension name="mhash" />
            <extension name="mysql" />
            <extension name="mysqli" />
            <extension name="mysqlnd" />
            <extension name="odbc" />
            <extension name="openssl" />
            <extension name="pcntl" />
            <extension name="pcre" />
            <extension name="pdo_dblib" />
            <extension name="pdo_mysql" />
            <extension name="pdo_pgsql" />
            <extension name="pdo_sqlite" />
            <extension name="pgsql" />
            <extension name="posix" />
            <extension name="pspell" />
            <extension name="readline" />
            <extension name="session" />
            <extension name="shmop" />
            <extension name="soap" />
            <extension name="sockets" />
            <extension name="sqlite3" />
            <extension name="standard" />
            <extension name="sysvmsg" />
            <extension name="sysvsem" />
            <extension name="sysvshm" />
            <extension name="tidy" />
            <extension name="tokenizer" />
            <extension name="wddx" />
            <extension name="xml" />
            <extension name="xmlreader" />
            <extension name="xmlrpc" />
            <extension name="xmlwriter" />
            <extension name="xsl" />
            <extension name="zip" />
            <extension name="zlib" />
          </loaded_extensions>
        </phpinfo>
      </interpreter>
    </phpInfoCache>
  </component>
  <component name="PhpSmartKeysConfiguration">
    <option name="smartFunctionParametersCompletion" value="true" />
  </component>
</application>