<code_scheme name="Curder" version="173">
  <PHPCodeStyleSettings>
    <option name="ALIGN_KEY_VALUE_PAIRS" value="true" />
    <option name="ALIGN_PHPDOC_PARAM_NAMES" value="true" />
    <option name="ALIGN_PHPDOC_COMMENTS" value="true" />
    <option name="ALIGN_ASSIGNMENTS" value="true" />
    <option name="CONCAT_SPACES" value="false" />
    <option name="PHPDOC_BLANK_LINE_BEFORE_TAGS" value="true" />
    <option name="PHPDOC_BLANK_LINES_AROUND_PARAMETERS" value="true" />
    <option name="PHPDOC_WRAP_LONG_LINES" value="true" />
    <option name="LOWER_CASE_BOOLEAN_CONST" value="true" />
    <option name="LOWER_CASE_NULL_CONST" value="true" />
    <option name="ELSE_IF_STYLE" value="SEPARATE" />
    <option name="VARIABLE_NAMING_STYLE" value="SNAKE_CASE" />
    <option name="BLANK_LINES_BEFORE_RETURN_STATEMENT" value="1" />
    <option name="SPACES_AROUND_VAR_WITHIN_BRACKETS" value="true" />
    <option name="ALIGN_CLASS_CONSTANTS" value="true" />
    <option name="SPACE_BEFORE_CLOSURE_LEFT_PARENTHESIS" value="false" />
    <option name="SPACE_AROUND_ASSIGNMENT_IN_DECLARE" value="true" />
    <option name="SPACE_BEFORE_COLON_IN_RETURN_TYPE" value="true" />
    <option name="PHPDOC_USE_FQCN" value="true" />
  </PHPCodeStyleSettings>
  <XML>
    <option name="XML_LEGACY_SETTINGS_IMPORTED" value="true" />
  </XML>
  <codeStyleSettings language="PHP">
    <option name="KEEP_LINE_BREAKS" value="false" />
    <option name="KEEP_FIRST_COLUMN_COMMENT" value="false" />
    <option name="KEEP_CONTROL_STATEMENT_IN_ONE_LINE" value="false" />
    <option name="KEEP_BLANK_LINES_IN_DECLARATIONS" value="0" />
    <option name="KEEP_BLANK_LINES_IN_CODE" value="0" />
    <option name="KEEP_BLANK_LINES_BEFORE_RBRACE" value="0" />
    <option name="BLANK_LINES_BEFORE_PACKAGE" value="0" />
    <option name="BLANK_LINES_AROUND_CLASS" value="0" />
    <option name="BLANK_LINES_AROUND_METHOD" value="0" />
    <option name="CLASS_BRACE_STYLE" value="1" />
    <option name="METHOD_BRACE_STYLE" value="5" />
    <option name="FINALLY_ON_NEW_LINE" value="true" />
    <option name="ALIGN_MULTILINE_CHAINED_METHODS" value="true" />
    <option name="ALIGN_MULTILINE_FOR" value="false" />
    <option name="SPACE_WITHIN_PARENTHESES" value="true" />
    <option name="SPACE_WITHIN_IF_PARENTHESES" value="true" />
    <option name="SPACE_WITHIN_WHILE_PARENTHESES" value="true" />
    <option name="SPACE_WITHIN_FOR_PARENTHESES" value="true" />
    <option name="SPACE_WITHIN_CATCH_PARENTHESES" value="true" />
    <option name="SPACE_WITHIN_SWITCH_PARENTHESES" value="true" />
    <option name="SPACE_WITHIN_BRACKETS" value="true" />
    <option name="SPACE_AFTER_TYPE_CAST" value="true" />
    <option name="METHOD_CALL_CHAIN_WRAP" value="1" />
    <option name="IF_BRACE_FORCE" value="1" />
    <option name="DOWHILE_BRACE_FORCE" value="3" />
    <option name="WHILE_BRACE_FORCE" value="3" />
    <option name="FOR_BRACE_FORCE" value="3" />
    <option name="WRAP_ON_TYPING" value="0" />
  </codeStyleSettings>
</code_scheme>