<application>
  <component name="FileTypeManager" version="18">
    <extensionMap>
      <mapping pattern="*.php.stub" type="PHP" />
      <mapping pattern=".php_cs" type="PHP" />
      <mapping pattern=".bablerc" type="PLAIN_TEXT" />
      <mapping pattern="PublishedScope" type="PLAIN_TEXT" />
      <mapping pattern=".sentryclirc" type="PLAIN_TEXT" />
      <mapping pattern="MarketingRegisterNotificationHandle" type="PLAIN_TEXT" />
      <mapping pattern=".gitkeep" type="PLAIN_TEXT" />
      <mapping ext="example" type="PLAIN_TEXT" />
      <mapping ext="hp" type="PLAIN_TEXT" />
      <removed_mapping ext="csv" approved="true" type="CSV/TSV" />
      <removed_mapping ext="tsv" approved="true" type="CSV/TSV" />
      <removed_mapping pattern=".php_cs.dist" approved="true" type="PHP" />
    </extensionMap>
  </component>
</application>