<application>
  <component name="PhpDebugGeneral" xdebug_resolve_breakpoints="false" />
  <component name="PhpInterpreters">
    <interpreters>
      <interpreter id="76b633c1-69c9-45b7-8865-f66dec05983e" name="PHP 8.0.14" home="/usr/local/bin/php80" debugger_id="php.debugger.XDebug" />
      <interpreter id="e64e1777-c559-4368-88e4-84421f9ad931" name="PHP 7.4.27" home="/usr/local/bin/php74" debugger_id="php.debugger.XDebug" />
      <interpreter id="7d63960d-fff6-401e-bf80-282269dfa60c" name="PHP 8.2.0-dev" home="/usr/local/bin/php82" debugger_id="php.debugger.XDebug" />
      <interpreter id="fba2e6d9-590e-4365-8e1b-c60d28c9bad7" name="PHP 8.1.1" home="/usr/local/bin/php81" debugger_id="php.debugger.XDebug" />
    </interpreters>
  </component>
  <component name="PhpInterpretersPhpInfoCache">
    <phpInfoCache>
      <interpreter name="PHP 8.2.0-dev">
        <phpinfo binary_type="PHP" php_cgi="/opt/homebrew/Cellar/php@8.2/8.2.0_3/bin/php-cgi" php_cli="/opt/homebrew/Cellar/php@8.2/8.2.0_3/bin/php" path_separator=":" version="8.2.0-dev">
          <additional_php_ini>/opt/homebrew/etc/php/8.2/conf.d/ext-opcache.ini</additional_php_ini>
          <configuration_file>/opt/homebrew/etc/php/8.2/php.ini</configuration_file>
          <configuration_options>
            <configuration_option name="include_path" value=".:/opt/homebrew/Cellar/php@8.2/8.2.0_3/share/php@8.2/pear" />
          </configuration_options>
          <debuggers />
          <loaded_extensions>
            <extension name="Core" />
            <extension name="FFI" />
            <extension name="PDO" />
            <extension name="PDO_ODBC" />
            <extension name="Phar" />
            <extension name="Reflection" />
            <extension name="SPL" />
            <extension name="SimpleXML" />
            <extension name="Zend OPcache" />
            <extension name="bcmath" />
            <extension name="bz2" />
            <extension name="calendar" />
            <extension name="ctype" />
            <extension name="curl" />
            <extension name="date" />
            <extension name="dba" />
            <extension name="dom" />
            <extension name="exif" />
            <extension name="fileinfo" />
            <extension name="filter" />
            <extension name="ftp" />
            <extension name="gd" />
            <extension name="gettext" />
            <extension name="gmp" />
            <extension name="hash" />
            <extension name="iconv" />
            <extension name="intl" />
            <extension name="json" />
            <extension name="ldap" />
            <extension name="libxml" />
            <extension name="mbstring" />
            <extension name="mysqli" />
            <extension name="mysqlnd" />
            <extension name="odbc" />
            <extension name="openssl" />
            <extension name="pcntl" />
            <extension name="pcre" />
            <extension name="pdo_dblib" />
            <extension name="pdo_mysql" />
            <extension name="pdo_pgsql" />
            <extension name="pdo_sqlite" />
            <extension name="pgsql" />
            <extension name="posix" />
            <extension name="pspell" />
            <extension name="readline" />
            <extension name="session" />
            <extension name="shmop" />
            <extension name="soap" />
            <extension name="sockets" />
            <extension name="sodium" />
            <extension name="sqlite3" />
            <extension name="standard" />
            <extension name="sysvmsg" />
            <extension name="sysvsem" />
            <extension name="sysvshm" />
            <extension name="tidy" />
            <extension name="tokenizer" />
            <extension name="xml" />
            <extension name="xmlreader" />
            <extension name="xmlwriter" />
            <extension name="xsl" />
            <extension name="zip" />
            <extension name="zlib" />
          </loaded_extensions>
        </phpinfo>
      </interpreter>
      <interpreter name="PHP 8.0.14">
        <phpinfo binary_type="PHP" php_cgi="/opt/homebrew/Cellar/php@8.0/8.0.14/bin/php-cgi" php_cli="/opt/homebrew/Cellar/php@8.0/8.0.14/bin/php" path_separator=":" version="8.0.14">
          <additional_php_ini>/opt/homebrew/etc/php/8.0/conf.d/ext-opcache.ini</additional_php_ini>
          <configuration_file>/opt/homebrew/etc/php/8.0/php.ini</configuration_file>
          <configuration_options>
            <configuration_option name="include_path" value=".:/opt/homebrew/Cellar/php@8.0/8.0.14/share/php@8.0/pear" />
          </configuration_options>
          <debuggers />
          <loaded_extensions>
            <extension name="Core" />
            <extension name="FFI" />
            <extension name="PDO" />
            <extension name="PDO_ODBC" />
            <extension name="Phar" />
            <extension name="Reflection" />
            <extension name="SPL" />
            <extension name="SimpleXML" />
            <extension name="Zend OPcache" />
            <extension name="bcmath" />
            <extension name="bz2" />
            <extension name="calendar" />
            <extension name="ctype" />
            <extension name="curl" />
            <extension name="date" />
            <extension name="dba" />
            <extension name="dom" />
            <extension name="exif" />
            <extension name="fileinfo" />
            <extension name="filter" />
            <extension name="ftp" />
            <extension name="gd" />
            <extension name="gettext" />
            <extension name="gmp" />
            <extension name="hash" />
            <extension name="iconv" />
            <extension name="intl" />
            <extension name="json" />
            <extension name="ldap" />
            <extension name="libxml" />
            <extension name="mbstring" />
            <extension name="mysqli" />
            <extension name="mysqlnd" />
            <extension name="odbc" />
            <extension name="openssl" />
            <extension name="pcntl" />
            <extension name="pcre" />
            <extension name="pdo_dblib" />
            <extension name="pdo_mysql" />
            <extension name="pdo_pgsql" />
            <extension name="pdo_sqlite" />
            <extension name="pgsql" />
            <extension name="phpdbg_webhelper" />
            <extension name="posix" />
            <extension name="pspell" />
            <extension name="readline" />
            <extension name="session" />
            <extension name="shmop" />
            <extension name="soap" />
            <extension name="sockets" />
            <extension name="sodium" />
            <extension name="sqlite3" />
            <extension name="standard" />
            <extension name="sysvmsg" />
            <extension name="sysvsem" />
            <extension name="sysvshm" />
            <extension name="tidy" />
            <extension name="tokenizer" />
            <extension name="xml" />
            <extension name="xmlreader" />
            <extension name="xmlwriter" />
            <extension name="xsl" />
            <extension name="zip" />
            <extension name="zlib" />
          </loaded_extensions>
        </phpinfo>
      </interpreter>
      <interpreter name="PHP 8.1.1">
        <phpinfo binary_type="PHP" php_cgi="/opt/homebrew/Cellar/php/8.1.1/bin/php-cgi" php_cli="/opt/homebrew/Cellar/php/8.1.1/bin/php" path_separator=":" version="8.1.1">
          <additional_php_ini>/opt/homebrew/etc/php/8.1/conf.d/error_log.ini, /opt/homebrew/etc/php/8.1/conf.d/ext-opcache.ini, /opt/homebrew/etc/php/8.1/conf.d/php-memory-limits.ini</additional_php_ini>
          <configuration_file>/opt/homebrew/etc/php/8.1/php.ini</configuration_file>
          <configuration_options>
            <configuration_option name="include_path" value=".:/opt/homebrew/Cellar/php/8.1.1/share/php/pear" />
          </configuration_options>
          <debuggers />
          <loaded_extensions>
            <extension name="Core" />
            <extension name="FFI" />
            <extension name="PDO" />
            <extension name="PDO_ODBC" />
            <extension name="Phar" />
            <extension name="Reflection" />
            <extension name="SPL" />
            <extension name="SimpleXML" />
            <extension name="Zend OPcache" />
            <extension name="bcmath" />
            <extension name="bz2" />
            <extension name="calendar" />
            <extension name="ctype" />
            <extension name="curl" />
            <extension name="date" />
            <extension name="dba" />
            <extension name="dom" />
            <extension name="exif" />
            <extension name="fileinfo" />
            <extension name="filter" />
            <extension name="ftp" />
            <extension name="gd" />
            <extension name="gettext" />
            <extension name="gmp" />
            <extension name="hash" />
            <extension name="iconv" />
            <extension name="intl" />
            <extension name="json" />
            <extension name="ldap" />
            <extension name="libxml" />
            <extension name="mbstring" />
            <extension name="mysqli" />
            <extension name="mysqlnd" />
            <extension name="odbc" />
            <extension name="openssl" />
            <extension name="pcntl" />
            <extension name="pcre" />
            <extension name="pdo_dblib" />
            <extension name="pdo_mysql" />
            <extension name="pdo_pgsql" />
            <extension name="pdo_sqlite" />
            <extension name="pgsql" />
            <extension name="posix" />
            <extension name="pspell" />
            <extension name="readline" />
            <extension name="session" />
            <extension name="shmop" />
            <extension name="soap" />
            <extension name="sockets" />
            <extension name="sodium" />
            <extension name="sqlite3" />
            <extension name="standard" />
            <extension name="sysvmsg" />
            <extension name="sysvsem" />
            <extension name="sysvshm" />
            <extension name="tidy" />
            <extension name="tokenizer" />
            <extension name="xml" />
            <extension name="xmlreader" />
            <extension name="xmlwriter" />
            <extension name="xsl" />
            <extension name="zip" />
            <extension name="zlib" />
          </loaded_extensions>
        </phpinfo>
      </interpreter>
      <interpreter name="PHP 7.4.27">
        <phpinfo binary_type="PHP" php_cgi="/opt/homebrew/Cellar/php@7.4/7.4.27/bin/php-cgi" php_cli="/opt/homebrew/Cellar/php@7.4/7.4.27/bin/php" path_separator=":" version="7.4.27">
          <additional_php_ini>/opt/homebrew/etc/php/7.4/conf.d/error_log.ini, /opt/homebrew/etc/php/7.4/conf.d/ext-opcache.ini, /opt/homebrew/etc/php/7.4/conf.d/php-memory-limits.ini, /opt/homebrew/etc/php/7.4/conf.d/ray.ini</additional_php_ini>
          <configuration_file>/opt/homebrew/etc/php/7.4/php.ini</configuration_file>
          <configuration_options>
            <configuration_option name="include_path" value=".:/opt/homebrew/Cellar/php@7.4/7.4.27/share/php@7.4/pear" />
          </configuration_options>
          <debuggers />
          <loaded_extensions>
            <extension name="Core" />
            <extension name="FFI" />
            <extension name="PDO" />
            <extension name="PDO_ODBC" />
            <extension name="Phar" />
            <extension name="Reflection" />
            <extension name="SPL" />
            <extension name="SimpleXML" />
            <extension name="Zend OPcache" />
            <extension name="bcmath" />
            <extension name="bz2" />
            <extension name="calendar" />
            <extension name="ctype" />
            <extension name="curl" />
            <extension name="date" />
            <extension name="dba" />
            <extension name="dom" />
            <extension name="exif" />
            <extension name="fileinfo" />
            <extension name="filter" />
            <extension name="ftp" />
            <extension name="gd" />
            <extension name="gettext" />
            <extension name="gmp" />
            <extension name="hash" />
            <extension name="iconv" />
            <extension name="igbinary" />
            <extension name="intl" />
            <extension name="json" />
            <extension name="ldap" />
            <extension name="libxml" />
            <extension name="mbstring" />
            <extension name="mysqli" />
            <extension name="mysqlnd" />
            <extension name="odbc" />
            <extension name="openssl" />
            <extension name="pcntl" />
            <extension name="pcre" />
            <extension name="pdo_dblib" />
            <extension name="pdo_mysql" />
            <extension name="pdo_pgsql" />
            <extension name="pdo_sqlite" />
            <extension name="pgsql" />
            <extension name="phpdbg_webhelper" />
            <extension name="posix" />
            <extension name="pspell" />
            <extension name="readline" />
            <extension name="redis" />
            <extension name="session" />
            <extension name="shmop" />
            <extension name="soap" />
            <extension name="sockets" />
            <extension name="sodium" />
            <extension name="sqlite3" />
            <extension name="standard" />
            <extension name="sysvmsg" />
            <extension name="sysvsem" />
            <extension name="sysvshm" />
            <extension name="tidy" />
            <extension name="tokenizer" />
            <extension name="xml" />
            <extension name="xmlreader" />
            <extension name="xmlrpc" />
            <extension name="xmlwriter" />
            <extension name="xsl" />
            <extension name="zip" />
            <extension name="zlib" />
          </loaded_extensions>
        </phpinfo>
      </interpreter>
    </phpInfoCache>
  </component>
  <component name="PhpSmartKeysConfiguration">
    <option name="smartFunctionParametersCompletion" value="true" />
  </component>
</application>