<application>
  <component name="libraryTable">
    <library name="alpinejs" type="javaScript">
      <properties>
        <sourceFilesUrls>
          <item url="file://$APPLICATION_CONFIG_DIR$/javascript/extLibs/http_cdnjs.cloudflare.com_ajax_libs_alpinejs_2.8.1_alpine.js" />
        </sourceFilesUrls>
      </properties>
      <CLASSES>
        <root url="file://$APPLICATION_CONFIG_DIR$/javascript/extLibs/http_cdnjs.cloudflare.com_ajax_libs_alpinejs_2.8.1_alpine.js" />
      </CLASSES>
      <SOURCES />
    </library>
    <library name="tailwindcss" type="javaScript">
      <properties>
        <sourceFilesUrls>
          <item url="file://$APPLICATION_CONFIG_DIR$/javascript/extLibs/http_cdnjs.cloudflare.com_ajax_libs_tailwindcss_2.0.3_tailwind.css" />
          <item url="file://$APPLICATION_CONFIG_DIR$/javascript/extLibs/http_cdnjs.cloudflare.com_ajax_libs_tailwindcss_2.0.4_tailwind.css" />
        </sourceFilesUrls>
      </properties>
      <CLASSES>
        <root url="file://$APPLICATION_CONFIG_DIR$/javascript/extLibs/http_cdnjs.cloudflare.com_ajax_libs_tailwindcss_2.0.3_tailwind.css" />
        <root url="file://$APPLICATION_CONFIG_DIR$/javascript/extLibs/http_cdnjs.cloudflare.com_ajax_libs_tailwindcss_2.0.4_tailwind.css" />
      </CLASSES>
      <SOURCES />
    </library>
  </component>
</application>