<application>
  <component name="PhpAutoImport" auto_import_file_scope="true" />
  <component name="PhpInterpreters">
    <interpreters>
      <interpreter id="61ad25a3-5b71-4a61-86e3-9940f59aaf19" name="PHP 7.4.16" home="/opt/homebrew/bin/php" debugger_id="php.debugger.XDebug" debugger_extension="/opt/homebrew/Cellar/php@7.4/7.4.16/bin/php" />
      <interpreter id="386d8f47-7574-4d41-aeb0-d269077400b7" name="PHP 7.2.34" home="/opt/homebrew/bin/php72" debugger_id="php.debugger.XDebug" />
      <interpreter id="afc5ee5b-f4f2-4996-afe3-1b93775a6ae6" name="PHP 7.3.27" home="/opt/homebrew/bin/php73" debugger_id="php.debugger.XDebug" />
      <interpreter id="ad21d4d6-040b-4488-82fa-7e3869bc4deb" name="PHP 8.1.0-dev" home="/opt/homebrew/bin/php81" debugger_id="php.debugger.XDebug" />
      <interpreter id="41dbc517-205c-4ea0-89fc-9b13e8d7f5d1" name="PHP 7.1.33" home="/opt/homebrew/bin/php71" debugger_id="php.debugger.XDebug" />
      <interpreter id="f53fd271-1902-476a-a3e4-d95648fd0a9e" name="PHP 7.0.33" home="/opt/homebrew/bin/php70" debugger_id="php.debugger.XDebug" />
      <interpreter id="b0069918-8776-4e4e-812e-fb28f6dd820c" name="PHP 5.6.40" home="/opt/homebrew/bin/php56" debugger_id="php.debugger.XDebug" />
    </interpreters>
  </component>
  <component name="PhpInterpretersPhpInfoCache">
    <phpInfoCache>
      <interpreter name="PHP 8.1.0-dev">
        <phpinfo binary_type="PHP" php_cgi="/opt/homebrew/Cellar/php@8.1/8.1.0/bin/php-cgi" php_cli="/opt/homebrew/Cellar/php@8.1/8.1.0/bin/php" path_separator=":" version="8.1.0-dev">
          <additional_php_ini>/opt/homebrew/etc/php/8.1/conf.d/ext-opcache.ini</additional_php_ini>
          <configuration_file>/opt/homebrew/etc/php/8.1/php.ini</configuration_file>
          <configuration_options>
            <configuration_option name="include_path" value=".:/opt/homebrew/Cellar/php@8.1/8.1.0/share/php@8.1/pear" />
          </configuration_options>
          <debuggers />
          <loaded_extensions>
            <extension name="Core" />
            <extension name="FFI" />
            <extension name="PDO" />
            <extension name="PDO_ODBC" />
            <extension name="Phar" />
            <extension name="Reflection" />
            <extension name="SPL" />
            <extension name="SimpleXML" />
            <extension name="Zend OPcache" />
            <extension name="bcmath" />
            <extension name="bz2" />
            <extension name="calendar" />
            <extension name="ctype" />
            <extension name="curl" />
            <extension name="date" />
            <extension name="dba" />
            <extension name="dom" />
            <extension name="exif" />
            <extension name="fileinfo" />
            <extension name="filter" />
            <extension name="ftp" />
            <extension name="gd" />
            <extension name="gettext" />
            <extension name="gmp" />
            <extension name="hash" />
            <extension name="iconv" />
            <extension name="intl" />
            <extension name="json" />
            <extension name="ldap" />
            <extension name="libxml" />
            <extension name="mbstring" />
            <extension name="mysqli" />
            <extension name="mysqlnd" />
            <extension name="odbc" />
            <extension name="openssl" />
            <extension name="pcntl" />
            <extension name="pcre" />
            <extension name="pdo_dblib" />
            <extension name="pdo_mysql" />
            <extension name="pdo_pgsql" />
            <extension name="pdo_sqlite" />
            <extension name="pgsql" />
            <extension name="phpdbg_webhelper" />
            <extension name="posix" />
            <extension name="pspell" />
            <extension name="readline" />
            <extension name="session" />
            <extension name="shmop" />
            <extension name="soap" />
            <extension name="sockets" />
            <extension name="sodium" />
            <extension name="sqlite3" />
            <extension name="standard" />
            <extension name="sysvmsg" />
            <extension name="sysvsem" />
            <extension name="sysvshm" />
            <extension name="tidy" />
            <extension name="tokenizer" />
            <extension name="xml" />
            <extension name="xmlreader" />
            <extension name="xmlwriter" />
            <extension name="xsl" />
            <extension name="zip" />
            <extension name="zlib" />
          </loaded_extensions>
        </phpinfo>
      </interpreter>
      <interpreter name="PHP 7.3.27">
        <phpinfo binary_type="PHP" php_cgi="/opt/homebrew/Cellar/php@7.3/7.3.27/bin/php-cgi" php_cli="/opt/homebrew/Cellar/php@7.3/7.3.27/bin/php" path_separator=":" version="7.3.27">
          <additional_php_ini>/opt/homebrew/etc/php/7.3/conf.d/ext-opcache.ini</additional_php_ini>
          <configuration_file>/opt/homebrew/etc/php/7.3/php.ini</configuration_file>
          <configuration_options>
            <configuration_option name="include_path" value=".:/opt/homebrew/Cellar/php@7.3/7.3.27/share/php@7.3/pear" />
          </configuration_options>
          <debuggers />
          <loaded_extensions>
            <extension name="Core" />
            <extension name="PDO" />
            <extension name="PDO_ODBC" />
            <extension name="Phar" />
            <extension name="Reflection" />
            <extension name="SPL" />
            <extension name="SimpleXML" />
            <extension name="Zend OPcache" />
            <extension name="bcmath" />
            <extension name="bz2" />
            <extension name="calendar" />
            <extension name="ctype" />
            <extension name="curl" />
            <extension name="date" />
            <extension name="dba" />
            <extension name="dom" />
            <extension name="exif" />
            <extension name="fileinfo" />
            <extension name="filter" />
            <extension name="ftp" />
            <extension name="gd" />
            <extension name="gettext" />
            <extension name="gmp" />
            <extension name="hash" />
            <extension name="iconv" />
            <extension name="intl" />
            <extension name="json" />
            <extension name="ldap" />
            <extension name="libxml" />
            <extension name="mbstring" />
            <extension name="mysqli" />
            <extension name="mysqlnd" />
            <extension name="odbc" />
            <extension name="openssl" />
            <extension name="pcntl" />
            <extension name="pcre" />
            <extension name="pdo_dblib" />
            <extension name="pdo_mysql" />
            <extension name="pdo_pgsql" />
            <extension name="pdo_sqlite" />
            <extension name="pgsql" />
            <extension name="phpdbg_webhelper" />
            <extension name="posix" />
            <extension name="pspell" />
            <extension name="readline" />
            <extension name="session" />
            <extension name="shmop" />
            <extension name="soap" />
            <extension name="sockets" />
            <extension name="sodium" />
            <extension name="sqlite3" />
            <extension name="standard" />
            <extension name="sysvmsg" />
            <extension name="sysvsem" />
            <extension name="sysvshm" />
            <extension name="tidy" />
            <extension name="tokenizer" />
            <extension name="wddx" />
            <extension name="xml" />
            <extension name="xmlreader" />
            <extension name="xmlrpc" />
            <extension name="xmlwriter" />
            <extension name="xsl" />
            <extension name="zip" />
            <extension name="zlib" />
          </loaded_extensions>
        </phpinfo>
      </interpreter>
      <interpreter name="PHP 7.4.16">
        <phpinfo binary_type="PHP" php_cgi="/opt/homebrew/Cellar/php@7.4/7.4.16/bin/php-cgi" php_cli="/opt/homebrew/Cellar/php@7.4/7.4.16/bin/php" path_separator=":" version="7.4.16">
          <additional_php_ini>/opt/homebrew/etc/php/7.4/conf.d/error_log.ini, /opt/homebrew/etc/php/7.4/conf.d/ext-opcache.ini, /opt/homebrew/etc/php/7.4/conf.d/php-memory-limits.ini</additional_php_ini>
          <configuration_file>/opt/homebrew/etc/php/7.4/php.ini</configuration_file>
          <configuration_options>
            <configuration_option name="include_path" value=".:/opt/homebrew/Cellar/php@7.4/7.4.16/share/php@7.4/pear" />
          </configuration_options>
          <debuggers />
          <loaded_extensions>
            <extension name="Core" />
            <extension name="FFI" />
            <extension name="PDO" />
            <extension name="PDO_ODBC" />
            <extension name="Phar" />
            <extension name="Reflection" />
            <extension name="SPL" />
            <extension name="SimpleXML" />
            <extension name="Zend OPcache" />
            <extension name="bcmath" />
            <extension name="bz2" />
            <extension name="calendar" />
            <extension name="ctype" />
            <extension name="curl" />
            <extension name="date" />
            <extension name="dba" />
            <extension name="dom" />
            <extension name="exif" />
            <extension name="fileinfo" />
            <extension name="filter" />
            <extension name="ftp" />
            <extension name="gd" />
            <extension name="gettext" />
            <extension name="gmp" />
            <extension name="hash" />
            <extension name="iconv" />
            <extension name="igbinary" />
            <extension name="intl" />
            <extension name="json" />
            <extension name="ldap" />
            <extension name="libxml" />
            <extension name="mbstring" />
            <extension name="mysqli" />
            <extension name="mysqlnd" />
            <extension name="odbc" />
            <extension name="openssl" />
            <extension name="pcntl" />
            <extension name="pcre" />
            <extension name="pdo_dblib" />
            <extension name="pdo_mysql" />
            <extension name="pdo_pgsql" />
            <extension name="pdo_sqlite" />
            <extension name="pgsql" />
            <extension name="phpdbg_webhelper" />
            <extension name="posix" />
            <extension name="pspell" />
            <extension name="readline" />
            <extension name="redis" />
            <extension name="session" />
            <extension name="shmop" />
            <extension name="soap" />
            <extension name="sockets" />
            <extension name="sodium" />
            <extension name="sqlite3" />
            <extension name="standard" />
            <extension name="sysvmsg" />
            <extension name="sysvsem" />
            <extension name="sysvshm" />
            <extension name="tidy" />
            <extension name="tokenizer" />
            <extension name="xml" />
            <extension name="xmlreader" />
            <extension name="xmlrpc" />
            <extension name="xmlwriter" />
            <extension name="xsl" />
            <extension name="zip" />
            <extension name="zlib" />
          </loaded_extensions>
        </phpinfo>
      </interpreter>
      <interpreter name="PHP 7.2.34">
        <phpinfo binary_type="PHP" php_cgi="/opt/homebrew/Cellar/php@7.2/7.2.34/bin/php-cgi" php_cli="/opt/homebrew/Cellar/php@7.2/7.2.34/bin/php" path_separator=":" version="7.2.34">
          <additional_php_ini>/opt/homebrew/etc/php/7.2/conf.d/ext-opcache.ini</additional_php_ini>
          <configuration_file>/opt/homebrew/etc/php/7.2/php.ini</configuration_file>
          <configuration_options>
            <configuration_option name="include_path" value=".:/opt/homebrew/Cellar/php@7.2/7.2.34/share/php@7.2/pear" />
          </configuration_options>
          <debuggers />
          <loaded_extensions>
            <extension name="Core" />
            <extension name="PDO" />
            <extension name="PDO_ODBC" />
            <extension name="Phar" />
            <extension name="Reflection" />
            <extension name="SPL" />
            <extension name="SimpleXML" />
            <extension name="Zend OPcache" />
            <extension name="bcmath" />
            <extension name="bz2" />
            <extension name="calendar" />
            <extension name="ctype" />
            <extension name="curl" />
            <extension name="date" />
            <extension name="dba" />
            <extension name="dom" />
            <extension name="exif" />
            <extension name="fileinfo" />
            <extension name="filter" />
            <extension name="ftp" />
            <extension name="gd" />
            <extension name="gettext" />
            <extension name="gmp" />
            <extension name="hash" />
            <extension name="iconv" />
            <extension name="intl" />
            <extension name="json" />
            <extension name="ldap" />
            <extension name="libxml" />
            <extension name="mbstring" />
            <extension name="mysqli" />
            <extension name="mysqlnd" />
            <extension name="odbc" />
            <extension name="openssl" />
            <extension name="pcntl" />
            <extension name="pcre" />
            <extension name="pdo_dblib" />
            <extension name="pdo_mysql" />
            <extension name="pdo_pgsql" />
            <extension name="pdo_sqlite" />
            <extension name="pgsql" />
            <extension name="phpdbg_webhelper" />
            <extension name="posix" />
            <extension name="pspell" />
            <extension name="readline" />
            <extension name="session" />
            <extension name="shmop" />
            <extension name="soap" />
            <extension name="sockets" />
            <extension name="sodium" />
            <extension name="sqlite3" />
            <extension name="standard" />
            <extension name="sysvmsg" />
            <extension name="sysvsem" />
            <extension name="sysvshm" />
            <extension name="tidy" />
            <extension name="tokenizer" />
            <extension name="wddx" />
            <extension name="xml" />
            <extension name="xmlreader" />
            <extension name="xmlrpc" />
            <extension name="xmlwriter" />
            <extension name="xsl" />
            <extension name="zip" />
            <extension name="zlib" />
          </loaded_extensions>
        </phpinfo>
      </interpreter>
      <interpreter name="PHP 5.6.40">
        <phpinfo binary_type="PHP" php_cgi="/opt/homebrew/Cellar/php@5.6/5.6.40/bin/php-cgi" php_cli="/opt/homebrew/Cellar/php@5.6/5.6.40/bin/php" path_separator=":" version="5.6.40">
          <additional_php_ini>/opt/homebrew/etc/php/5.6/conf.d/ext-opcache.ini</additional_php_ini>
          <configuration_file>/opt/homebrew/etc/php/5.6/php.ini</configuration_file>
          <configuration_options>
            <configuration_option name="include_path" value=".:/opt/homebrew/Cellar/php@5.6/5.6.40/share/php@5.6/pear" />
          </configuration_options>
          <debuggers />
          <loaded_extensions>
            <extension name="Core" />
            <extension name="PDO" />
            <extension name="PDO_ODBC" />
            <extension name="Phar" />
            <extension name="Reflection" />
            <extension name="SPL" />
            <extension name="SimpleXML" />
            <extension name="Zend OPcache" />
            <extension name="bcmath" />
            <extension name="bz2" />
            <extension name="calendar" />
            <extension name="ctype" />
            <extension name="curl" />
            <extension name="date" />
            <extension name="dba" />
            <extension name="dom" />
            <extension name="ereg" />
            <extension name="exif" />
            <extension name="fileinfo" />
            <extension name="filter" />
            <extension name="ftp" />
            <extension name="gd" />
            <extension name="gettext" />
            <extension name="gmp" />
            <extension name="hash" />
            <extension name="iconv" />
            <extension name="intl" />
            <extension name="json" />
            <extension name="ldap" />
            <extension name="libxml" />
            <extension name="mbstring" />
            <extension name="mcrypt" />
            <extension name="mhash" />
            <extension name="mysql" />
            <extension name="mysqli" />
            <extension name="mysqlnd" />
            <extension name="odbc" />
            <extension name="openssl" />
            <extension name="pcntl" />
            <extension name="pcre" />
            <extension name="pdo_dblib" />
            <extension name="pdo_mysql" />
            <extension name="pdo_pgsql" />
            <extension name="pdo_sqlite" />
            <extension name="pgsql" />
            <extension name="posix" />
            <extension name="pspell" />
            <extension name="readline" />
            <extension name="session" />
            <extension name="shmop" />
            <extension name="soap" />
            <extension name="sockets" />
            <extension name="sqlite3" />
            <extension name="standard" />
            <extension name="sysvmsg" />
            <extension name="sysvsem" />
            <extension name="sysvshm" />
            <extension name="tidy" />
            <extension name="tokenizer" />
            <extension name="wddx" />
            <extension name="xml" />
            <extension name="xmlreader" />
            <extension name="xmlrpc" />
            <extension name="xmlwriter" />
            <extension name="xsl" />
            <extension name="zip" />
            <extension name="zlib" />
          </loaded_extensions>
        </phpinfo>
      </interpreter>
    </phpInfoCache>
  </component>
  <component name="PhpSmartKeysConfiguration">
    <option name="smartFunctionParametersCompletion" value="true" />
  </component>
</application>