<application>
  <component name="Atom Icon Associations Config">
    <option name="customFileAssociations">
      <CustomAssociations>
        <option name="customAssociations">
          <RegexAssociation>
            <option name="enabled" value="false" />
            <option name="matcher" value=".*\.(php)$" />
            <option name="pattern" value=".*\.(php)$" />
            <option name="name" value="PHP" />
            <option name="icon" value="$USER_HOME$/Desktop/php.svg" />
          </RegexAssociation>
        </option>
      </CustomAssociations>
    </option>
  </component>
</application>