<application>
  <component name="UISettings">
    <option name="COLOR_BLINDNESS" value="deuteranopia" />
    <option name="EDITOR_TAB_PLACEMENT" value="0" />
    <option name="HIDE_TOOL_STRIPES" value="true" />
    <option name="IDE_AA_TYPE" value="Greyscale" />
    <option name="MAX_LOOKUP_LIST_HEIGHT" value="5" />
    <option name="OVERRIDE_NONIDEA_LAF_FONTS" value="true" />
    <option name="SHOW_NAVIGATION_BAR" value="false" />
    <option name="SHOW_STATUS_BAR" value="false" />
  </component>
</application>