<application>
  <component name="MaterialThemeConfig">
    <option name="arrowsStyle" value="Darcula" />
    <option name="compactDropdowns" value="true" />
    <option name="isCompactMenus" value="true" />
    <option name="isCompactStatusBar" value="true" />
    <option name="isCompactTables" value="true" />
    <option name="isContrastMode" value="true" />
    <option name="isHighContrast" value="true" />
    <option name="isWizardShown" value="true" />
    <option name="overrideAccentColor" value="true" />
    <option name="useMaterialFont2" value="true" />
    <option name="indicatorStyle" value="None" />
    <option name="accentColor" value="2979ff" />
    <option name="selectedTheme" value="ONE_DARK" />
    <option name="userId" value="-7d4c1a4d:167d97e0b5a:-8000" />
    <option name="version" value="3.2.0" />
  </component>
</application>