<application>
  <component name="CvsApplicationLevelConfiguration">
    <option name="PATH_TO_PASSWORD_FILE" value="$userdir/.cvspass" />
  </component>
  <component name="NodeJsLocalInterpreters">
    <local-interpreter path="/usr/local/bin/node">
      <version-cache version="8.9.3" last-modified="1513046987000" />
    </local-interpreter>
    <local-interpreter path="/usr/local/Cellar/node/6.3.0/bin/node" excluded="true" />
    <local-interpreter path="/usr/local/Cellar/node/7.10.0/bin/node" excluded="true" />
    <local-interpreter path="/usr/local/Cellar/node/7.8.0/bin/node" excluded="true" />
    <local-interpreter path="/usr/local/Cellar/node/7.9.0/bin/node" excluded="true" />
  </component>
  <component name="PhpRefactoringSettings">
    <option name="RENAME_SEARCH_IN_COMMENTS_FOR_METHOD" value="true" />
    <option name="RENAME_SEARCH_NON_CODE_FOR_METHOD" value="true" />
    <option name="EXTRACT_METHOD_DEFAULT_VISIBILITY" value="protected" />
    <option name="MOVE_CLASS_SEARCH_IN_COMMENTS_AND_STRINGS" value="true" />
    <option name="MOVE_CLASS_SEARCH_IN_TEXT_OCCURRENCES" value="true" />
  </component>
  <component name="SvnApplicationSettings">
    <option name="myCheckoutURLs">
      <list>
        <option value="svn://192.168.4.4/hzym/www.welltrend.com.cn" />
      </list>
    </option>
    <option name="myTypedURLs">
      <list>
        <option value="svn://192.168.4.4/hzym/www.welltrend.com.cn" />
        <option value="svn://192.168.4.4/hzym" />
      </list>
    </option>
  </component>
  <component name="SvnBranchMapperManager">
    <option name="myMapping">
      <map>
        <entry key="svn://192.168.4.4/hzym/www.welltrend.com.cn">
          <value>
            <set>
              <option value="/Volumes/codes/Hzym/www.welltrend.com.cn" />
            </set>
          </value>
        </entry>
      </map>
    </option>
  </component>
</application>