<application>
  <component name="FileTypeManager" version="17">
    <extensionMap>
      <mapping pattern="channel_select_test.go" type="Go" />
      <removed_mapping ext="md" approved="true" type="Markdown" />
      <mapping pattern="handler/hanlder" type="PLAIN_TEXT" />
      <mapping ext="md" type="PLAIN_TEXT" />
      <mapping ext="error" type="PLAIN_TEXT" />
      <mapping ext="err" type="PLAIN_TEXT" />
      <removed_mapping ext="md" approved="true" type="Markdown" />
      <mapping ext="fnc" type="DBN-PSQL" />
      <mapping ext="pkb" type="DBN-PSQL" />
      <mapping ext="pkg" type="DBN-PSQL" />
      <mapping ext="pks" type="DBN-PSQL" />
      <mapping ext="prc" type="DBN-PSQL" />
      <mapping ext="tpb" type="DBN-PSQL" />
      <mapping ext="tpe" type="DBN-PSQL" />
      <mapping ext="tps" type="DBN-PSQL" />
      <mapping ext="trg" type="DBN-PSQL" />
      <mapping ext="vw" type="DBN-SQL" />
      <mapping pattern=".gitignore_global" type="Git file" />
    </extensionMap>
  </component>
</application>