<application>
  <component name="FindSettings">
    <option name="customScope" value="All Places" />
    <option name="defaultScopeName" value="All Places" />
    <option name="SEARCH_SCOPE" value="All Places" />
    <recentFileMasks>
      <mask>*.properties</mask>
      <mask>*.html</mask>
      <mask>*.jsp</mask>
      <mask>*.xml</mask>
      <mask>*.java</mask>
      <mask>*.as</mask>
      <mask>*.css</mask>
      <mask>*.mxml</mask>
      <mask>*.php</mask>
      <mask>*.</mask>
      <mask>*.j</mask>
      <mask>*.js</mask>
      <mask>*.
	/**
	 * @return mixed|string
	 */
	public function getCoverUrlAttribute() {
		$path = $this-&gt;cover;

		if ( ! $path ) {
			return config( 'app.url' ) . config( 'category_default_cover' );
		}
		if ( url()-&gt;isValidUrl( $path ) ) {
			$src = $path;
		} else {
			$src = \Storage::disk( config( 'admin.upload.disk' ) )-&gt;url( $path );
		}

		return $src;
	}</mask>
      <mask>*.
	/**
	 * @return mixed|string
	 */
	public function getCoverUrlAttribute() {
		$path = $this-&gt;cover;

		if ( ! $path ) {
			return config( 'app.url' ) . config( 'category_default_cover' );
		}
		if ( url()-&gt;isValidUrl( $path ) ) {
			$src = $path;
		} else {
			$src = \Storage::disk( config( 'admin.upload.disk' ) )-&gt;url( $path );
		}

		return $src;
	h}</mask>
      <mask>*.
	/**
	 * @return mixed|string
	 */
	public function getCoverUrlAttribute() {
		$path = $this-&gt;cover;

		if ( ! $path ) {
			return config( 'app.url' ) . config( 'category_default_cover' );
		}
		if ( url()-&gt;isValidUrl( $path ) ) {
			$src = $path;
		} else {
			$src = \Storage::disk( config( 'admin.upload.disk' ) )-&gt;url( $path );
		}

		return $src;
	hp}</mask>
      <mask>*.p
	/**
	 * @return mixed|string
	 */
	public function getCoverUrlAttribute() {
		$path = $this-&gt;cover;

		if ( ! $path ) {
			return config( 'app.url' ) . config( 'category_default_cover' );
		}
		if ( url()-&gt;isValidUrl( $path ) ) {
			$src = $path;
		} else {
			$src = \Storage::disk( config( 'admin.upload.disk' ) )-&gt;url( $path );
		}

		return $src;
	hp}</mask>
      <mask>*.php
	/**
	 * @return mixed|string
	 */
	public function getCoverUrlAttribute() {
		$path = $this-&gt;cover;

		if ( ! $path ) {
			return config( 'app.url' ) . config( 'category_default_cover' );
		}
		if ( url()-&gt;isValidUrl( $path ) ) {
			$src = $path;
		} else {
			$src = \Storage::disk( config( 'admin.upload.disk' ) )-&gt;url( $path );
		}

		return $src;
	hp}</mask>
    </recentFileMasks>
  </component>
</application>