<application>
  <component name="MaterialThemeConfig">
    <option name="compactMenus" value="true" />
    <option name="compactStatusBar" value="true" />
    <option name="compactTables" value="true" />
    <option name="contrastMode" value="true" />
    <option name="highContrast" value="true" />
    <option name="compactDropdowns" value="true" />
    <option name="isCompactMenus" value="true" />
    <option name="isCompactStatusBar" value="true" />
    <option name="isCompactTables" value="true" />
    <option name="isContrastMode" value="true" />
    <option name="isHighContrast" value="true" />
    <option name="isWizardShown" value="true" />
    <option name="useMaterialFont2" value="true" />
    <option name="indicatorStyle" value="None" />
    <option name="accentColor" value="416a9b" />
    <option name="selectedTheme" value="NATIVE" />
    <option name="userId" value="-7d4c1a4d:167d97e0b5a:-8000" />
    <option name="version" value="5.2.0" />
  </component>
</application>