<application>
  <component name="ProjectManager">
    <defaultProject>
      <component name="ComposerJsonPluginSettings">
        <unboundedVersionInspectionSettings>
          <excludedPackages />
        </unboundedVersionInspectionSettings>
        <customRepositories />
      </component>
      <component name="Encoding" addBOMForNewFiles="with NO BOM" />
      <component name="FileColors">
        <fileColor scope="Non-Project Files (Material Default)" color="2E3C43" />
        <fileColor scope="Non-Project Files (Material Darker)" color="323232" />
        <fileColor scope="Non-Project Files (Material Lighter)" color="eae8e8" />
        <fileColor scope="Non-Project Files (Material Palenight)" color="2f2e43" />
        <fileColor scope="Non-Project Files (Material Oceanic)" color="2E3C43" />
      </component>
      <component name="MarkdownProjectSettings">
        <PreviewSettings splitEditorLayout="SPLIT" splitEditorPreview="PREVIEW" useGrayscaleRendering="false" zoomFactor="1.5" maxImageWidth="0" synchronizePreviewPosition="true" highlightPreviewType="LINE" highlightFadeOut="5" highlightOnTyping="true" synchronizeSourcePosition="true" verticallyAlignSourceAndPreviewSyncPosition="true" showSearchHighlightsInPreview="true" showSelectionInPreview="true" lastLayoutSetsDefault="false">
          <PanelProvider>
            <provider providerId="com.vladsch.md.nav.editor.swing.html.panel" providerName="Default - Swing" />
          </PanelProvider>
        </PreviewSettings>
        <ParserSettings gitHubSyntaxChange="false" correctedInvalidSettings="false" emojiShortcuts="1" emojiImages="0">
          <PegdownExtensions>
            <option name="ANCHORLINKS" value="true" />
            <option name="ATXHEADERSPACE" value="true" />
            <option name="FENCED_CODE_BLOCKS" value="true" />
            <option name="INTELLIJ_DUMMY_IDENTIFIER" value="true" />
            <option name="RELAXEDHRULES" value="true" />
            <option name="STRIKETHROUGH" value="true" />
            <option name="TABLES" value="true" />
            <option name="TASKLISTITEMS" value="true" />
          </PegdownExtensions>
          <ParserOptions>
            <option name="COMMONMARK_LISTS" value="true" />
            <option name="EMOJI_SHORTCUTS" value="true" />
            <option name="GFM_TABLE_RENDERING" value="true" />
            <option name="PRODUCTION_SPEC_PARSER" value="true" />
            <option name="SIM_TOC_BLANK_LINE_SPACER" value="true" />
          </ParserOptions>
        </ParserSettings>
        <HtmlSettings headerTopEnabled="false" headerBottomEnabled="false" bodyTopEnabled="false" bodyBottomEnabled="false" addPageHeader="false" imageUriSerials="false" addDocTypeHtml="true" noParaTags="false" plantUmlConversion="0">
          <GeneratorProvider>
            <provider providerId="com.vladsch.md.nav.editor.text.html.generator" providerName="Unmodified HTML Generator" />
          </GeneratorProvider>
          <headerTop />
          <headerBottom />
          <bodyTop />
          <bodyBottom />
        </HtmlSettings>
        <CssSettings previewScheme="UI_SCHEME" cssUri="" isCssUriEnabled="false" isCssUriSerial="true" isCssTextEnabled="false" isDynamicPageWidth="true">
          <StylesheetProvider>
            <provider providerId="com.vladsch.md.nav.editor.text.html.css" providerName="No Stylesheet" />
          </StylesheetProvider>
          <ScriptProviders />
          <cssText />
          <cssUriHistory />
        </CssSettings>
      </component>
      <component name="PhpWorkspaceProjectConfiguration" backward_compatibility_performed="true" />
      <component name="ProjectInspectionProfilesVisibleTreeState">
        <entry key="Project Default">
          <profile-state>
            <expanded-state>
              <State>
                <id />
              </State>
            </expanded-state>
            <selected-state>
              <State>
                <id>Blade files</id>
              </State>
            </selected-state>
          </profile-state>
        </entry>
      </component>
      <component name="PropertiesComponent">
        <property name="last_opened_file_path" value="/Volumes/codes/hzym" />
        <property name="nodejs_interpreter_path.stuck_in_default_project" value="/usr/local/bin/node" />
        <property name="nodejs_npm_path_reset_for_default_project" value="true" />
        <property name="settings.editor.selected.configurable" value="editor.preferences.gutterIcons" />
      </component>
      <component name="SvnConfiguration">
        <configuration>$USER_HOME$/.subversion</configuration>
      </component>
      <component name="VcsContentAnnotationSettings">
        <option name="myLimit" value="2678400000" />
      </component>
      <component name="masterDetails">
        <states>
          <state key="ScopeChooserConfigurable.UI">
            <settings>
              <splitter-proportions>
                <option name="proportions">
                  <list>
                    <option value="0.2" />
                  </list>
                </option>
              </splitter-proportions>
            </settings>
          </state>
        </states>
      </component>
    </defaultProject>
  </component>
</application>