<application>
  <component name="SshConfigs">
    <configs>
      <sshConfig authType="PASSWORD" host="121.40.188.155" id="67d33217-b239-456b-9335-dba237a5ad4e" port="22" customName="siaedu_remote_PC" nameFormat="CUSTOM" />
      <sshConfig authType="PASSWORD" host="121.40.188.155" id="b13307d9-6436-422c-8e79-495a5c2e817d" port="22" customName="siaedu_remote_M" nameFormat="CUSTOM" />
      <sshConfig authType="PASSWORD" host="121.40.188.155" id="029693eb-1b85-46ae-a932-fa484381e205" port="22" customName="siaedu_remote_Admin" nameFormat="CUSTOM" />
      <sshConfig authType="PASSWORD" host="121.40.188.155" id="53fe13ce-a0e9-46fc-8bcd-cf03ab90c0c5" port="22" customName="siaedu_remote_PC" nameFormat="CUSTOM" />
      <sshConfig authType="PASSWORD" host="121.40.188.155" id="3169a1f4-2da0-4f65-8ad6-a3c0c1f2d240" port="22" customName="siaedu_remote_M" nameFormat="CUSTOM" />
      <sshConfig authType="PASSWORD" host="121.40.188.155" id="18c1c567-d762-4474-932a-20f1d8de0a9b" port="22" customName="siaedu_remote_Admin" nameFormat="CUSTOM" />
    </configs>
  </component>
</application>