<application>
  <component name="WebServers">
    <option name="servers">
      <webServer id="53db1a76-d187-4e98-bdcd-58dec2e51630" name="siaedu_remote_PC" url="http://121.40.188.155">
        <fileTransfer host="121.40.188.155" port="22" rootFolder="/mnt/sia/main-sia" accessType="SFTP">
          <advancedOptions>
            <advancedOptions dataProtectionLevel="Private" />
          </advancedOptions>
          <option name="port" value="22" />
        </fileTransfer>
      </webServer>
      <webServer id="5113b525-56f2-4702-8c71-e15497c72e23" name="siaedu_remote_M" url="http://121.40.188.155">
        <fileTransfer host="121.40.188.155" port="22" rootFolder="/mnt/sia/siamobile2" accessType="SFTP">
          <advancedOptions>
            <advancedOptions dataProtectionLevel="Private" />
          </advancedOptions>
          <option name="port" value="22" />
        </fileTransfer>
      </webServer>
      <webServer id="c59ef05f-f14c-491a-976e-73287a8f4834" name="siaedu_remote_Admin" url="http://121.40.188.155">
        <fileTransfer host="121.40.188.155" port="22" rootFolder="/mnt/sia/siaedu-server" accessType="SFTP">
          <advancedOptions>
            <advancedOptions dataProtectionLevel="Private" />
          </advancedOptions>
          <option name="port" value="22" />
        </fileTransfer>
      </webServer>
      <webServer id="cdb6b9cf-72cb-4805-832a-3d2d4643ba6e" name="svn_haifang" url="http://dev.welltrend.com.cn">
        <fileTransfer port="0" accessType="LOCAL" />
      </webServer>
    </option>
  </component>
</application>